{
    "message": "Model 'bike_demand_v1' and 'null' trained and evaluated.",
    "evaluation_results": {
        "root_mean_squared_error": -1.4273427568845385,
        "mean_squared_error": -2.037307345630755,
        "mean_absolute_error": -0.524110569441614,
        "r2": 0.9999382495880127,
        "pearsonr": 0.9999692072762638,
        "median_absolute_error": -0.2305889129638672
    },
    "sample_predictions": [
        127.11720275878906,
        13.013192176818848,
        163.35011291503906,
        233.42840576171875,
        222.37115478515625,
        166.17173767089844,
        144.1987762451172,
        377.22479248046875,
        599.0941162109375,
        52.943572998046875
    ],
    "features": [
        "datetime",
        "season",
        "holiday",
        "workingday",
        "weather",
        "temp",
        "atemp",
        "humidity",
        "windspeed",
        "casual",
        "registered"
    ],
    "leaderboard": [
        {
            "model": "ExtraTreesMSE_BAG_L2",
            "score_test": -1.3890795037138226,
            "score_val": -1.6377104452457192,
            "eval_metric": "root_mean_squared_error",
            "pred_time_test": 14.936140060424805,
            "pred_time_val": 36.533551931381226,
            "fit_time": 255.75970697402954,
            "pred_time_test_marginal": 0.3220176696777344,
            "pred_time_val_marginal": 0.7026801109313965,
            "fit_time_marginal": 1.7006809711456299,
            "stack_level": 2,
            "can_infer": true,
            "fit_order": 14
        },
        {
            "model": "WeightedEnsemble_L3",
            "score_test": -1.4273427568845385,
            "score_val": -1.540216300922537,
            "eval_metric": "root_mean_squared_error",
            "pred_time_test": 16.08114719390869,
            "pred_time_val": 38.00205850601196,
            "fit_time": 318.4844710826874,
            "pred_time_test_marginal": 0.0069997310638427734,
            "pred_time_val_marginal": 0.0010230541229248047,
            "fit_time_marginal": 0.1457054615020752,
            "stack_level": 3,
            "can_infer": true,
            "fit_order": 15
        },
        {
            "model": "RandomForestMSE_BAG_L2",
            "score_test": -1.524186854888543,
            "score_val": -1.655600707806031,
            "eval_metric": "root_mean_squared_error",
            "pred_time_test": 14.892009019851685,
            "pred_time_val": 36.47034406661987,
            "fit_time": 257.85056042671204,
            "pred_time_test_marginal": 0.27788662910461426,
            "pred_time_val_marginal": 0.639472246170044,
            "fit_time_marginal": 3.791534423828125,
            "stack_level": 2,
            "can_infer": true,
            "fit_order": 12
        },
        {
            "model": "WeightedEnsemble_L2",
            "score_test": -2.049690816061019,
            "score_val": -1.9522634001898385,
            "eval_metric": "root_mean_squared_error",
            "pred_time_test": 14.560901880264282,
            "pred_time_val": 35.745200395584106,
            "fit_time": 254.0368092060089,
            "pred_time_test_marginal": 0.018001794815063477,
            "pred_time_val_marginal": 0.0010132789611816406,
            "fit_time_marginal": 0.049486637115478516,
            "stack_level": 2,
            "can_infer": true,
            "fit_order": 9
        },
        {
            "model": "NeuralNetFastAI_BAG_L1",
            "score_test": -2.2722464603169765,
            "score_val": -3.728735951980331,
            "eval_metric": "root_mean_squared_error",
            "pred_time_test": 0.4256477355957031,
            "pred_time_val": 0.3397383689880371,
            "fit_time": 28.922004222869873,
            "pred_time_test_marginal": 0.4256477355957031,
            "pred_time_val_marginal": 0.3397383689880371,
            "fit_time_marginal": 28.922004222869873,
            "stack_level": 1,
            "can_infer": true,
            "fit_order": 8
        },
        {
            "model": "LightGBM_BAG_L2",
            "score_test": -2.670395361020921,
            "score_val": -2.304495584337813,
            "eval_metric": "root_mean_squared_error",
            "pred_time_test": 15.171430587768555,
            "pred_time_val": 36.54481506347656,
            "fit_time": 262.8089179992676,
            "pred_time_test_marginal": 0.5573081970214844,
            "pred_time_val_marginal": 0.7139432430267334,
            "fit_time_marginal": 8.749891996383667,
            "stack_level": 2,
            "can_infer": true,
            "fit_order": 11
        },
        {
            "model": "ExtraTreesMSE_BAG_L1",
            "score_test": -2.8308739038157853,
            "score_val": -2.9033193784718443,
            "eval_metric": "root_mean_squared_error",
            "pred_time_test": 0.43842601776123047,
            "pred_time_val": 0.7242777347564697,
            "fit_time": 1.7634053230285645,
            "pred_time_test_marginal": 0.43842601776123047,
            "pred_time_val_marginal": 0.7242777347564697,
            "fit_time_marginal": 1.7634053230285645,
            "stack_level": 1,
            "can_infer": true,
            "fit_order": 7
        },
        {
            "model": "CatBoost_BAG_L2",
            "score_test": -2.884552013057484,
            "score_val": -2.6293189822683423,
            "eval_metric": "root_mean_squared_error",
            "pred_time_test": 14.916934967041016,
            "pred_time_val": 35.944939851760864,
            "fit_time": 304.0966582298279,
            "pred_time_test_marginal": 0.3028125762939453,
            "pred_time_val_marginal": 0.11406803131103516,
            "fit_time_marginal": 50.03763222694397,
            "stack_level": 2,
            "can_infer": true,
            "fit_order": 13
        },
        {
            "model": "RandomForestMSE_BAG_L1",
            "score_test": -3.1796681944023244,
            "score_val": -3.238690617053596,
            "eval_metric": "root_mean_squared_error",
            "pred_time_test": 0.3927290439605713,
            "pred_time_val": 0.6506187915802002,
            "fit_time": 3.1167430877685547,
            "pred_time_test_marginal": 0.3927290439605713,
            "pred_time_val_marginal": 0.6506187915802002,
            "fit_time_marginal": 3.1167430877685547,
            "stack_level": 1,
            "can_infer": true,
            "fit_order": 5
        },
        {
            "model": "CatBoost_BAG_L1",
            "score_test": -3.198179886555997,
            "score_val": -3.0415413227011134,
            "eval_metric": "root_mean_squared_error",
            "pred_time_test": 0.5004062652587891,
            "pred_time_val": 0.1782667636871338,
            "fit_time": 147.00912880897522,
            "pred_time_test_marginal": 0.5004062652587891,
            "pred_time_val_marginal": 0.1782667636871338,
            "fit_time_marginal": 147.00912880897522,
            "stack_level": 1,
            "can_infer": true,
            "fit_order": 6
        },
        {
            "model": "LightGBMXT_BAG_L2",
            "score_test": -3.5304204474661876,
            "score_val": -3.8684377767183777,
            "eval_metric": "root_mean_squared_error",
            "pred_time_test": 22.191410303115845,
            "pred_time_val": 53.547964334487915,
            "fit_time": 295.68653869628906,
            "pred_time_test_marginal": 7.577287912368774,
            "pred_time_val_marginal": 17.717092514038086,
            "fit_time_marginal": 41.62751269340515,
            "stack_level": 2,
            "can_infer": true,
            "fit_order": 10
        },
        {
            "model": "LightGBM_BAG_L1",
            "score_test": -3.545486879316508,
            "score_val": -3.27795253489801,
            "eval_metric": "root_mean_squared_error",
            "pred_time_test": 2.407443046569824,
            "pred_time_val": 4.4047300815582275,