{
    "message": "Model 'rossmann_sales_v1' and 'null' trained and evaluated.",
    "evaluation_results": {
        "root_mean_squared_error": -1187.093389537586,
        "mean_squared_error": -1409190.715483835,
        "mean_absolute_error": -792.806425962351,
        "r2": 0.9047123193740845,
        "pearsonr": 0.9511729811450886,
        "median_absolute_error": -572.924072265625
    },
    "sample_predictions": [
        -0.2521205544471741,
        7102.98046875,
        9029.56640625,
        3234.9697265625,
        10416.0703125,
        5.685700416564941,
        7850.64453125,
        7299.7705078125,
        13926.76953125,
        8088.76123046875
    ],
    "features": [
        "Store",
        "DayOfWeek",
        "Date",
        "Customers",
        "Open",
        "Promo",
        "StateHoliday",
        "SchoolHoliday"
    ],
    "leaderboard": [
        {
            "model": "LightGBMXT_BAG_L2",
            "score_test": -1186.3646818042087,
            "score_val": -1184.7823242251525,
            "eval_metric": "root_mean_squared_error",
            "pred_time_test": 53.85892629623413,
            "pred_time_val": 524.8250710964203,
            "fit_time": 319.19849276542664,
            "pred_time_test_marginal": 9.73400616645813,
            "pred_time_val_marginal": 75.2599310874939,
            "fit_time_marginal": 101.37769103050232,
            "stack_level": 2,
            "can_infer": true,
            "fit_order": 5
        },
        {
            "model": "WeightedEnsemble_L3",
            "score_test": -1187.093389537586,
            "score_val": -1183.7102305076721,
            "eval_metric": "root_mean_squared_error",
            "pred_time_test": 53.8647563457489,
            "pred_time_val": 524.8460693359375,
            "fit_time": 321.5662407875061,
            "pred_time_test_marginal": 0.005830049514770508,
            "pred_time_val_marginal": 0.020998239517211914,
            "fit_time_marginal": 2.3677480220794678,
            "stack_level": 3,
            "can_infer": true,
            "fit_order": 7
        },
        {
            "model": "LightGBMXT_BAG_L1",
            "score_test": -1195.8306149284335,
            "score_val": -1190.2320564133224,
            "eval_metric": "root_mean_squared_error",
            "pred_time_test": 39.72659873962402,
            "pred_time_val": 432.600138425827,
            "fit_time": 202.75814175605774,
            "pred_time_test_marginal": 39.72659873962402,
            "pred_time_val_marginal": 432.600138425827,
            "fit_time_marginal": 202.75814175605774,
            "stack_level": 1,
            "can_infer": true,
            "fit_order": 3
        },
        {
            "model": "WeightedEnsemble_L2",
            "score_test": -1195.8306149284335,
            "score_val": -1190.2320564133224,
            "eval_metric": "root_mean_squared_error",
            "pred_time_test": 39.74358105659485,
            "pred_time_val": 432.6191325187683,
            "fit_time": 203.98007440567017,
            "pred_time_test_marginal": 0.016982316970825195,
            "pred_time_val_marginal": 0.01899409294128418,
            "fit_time_marginal": 1.2219326496124268,
            "stack_level": 2,
            "can_infer": true,
            "fit_order": 4
        },
        {
            "model": "KNeighborsUnif_BAG_L1",
            "score_test": -1455.8761256881442,
            "score_val": -1445.6418138985698,
            "eval_metric": "root_mean_squared_error",
            "pred_time_test": 2.184375762939453,
            "pred_time_val": 8.435746669769287,
            "fit_time": 7.518733024597168,
            "pred_time_test_marginal": 2.184375762939453,
            "pred_time_val_marginal": 8.435746669769287,
            "fit_time_marginal": 7.518733024597168,
            "stack_level": 1,
            "can_infer": true,
            "fit_order": 1
        },
        {
            "model": "KNeighborsDist_BAG_L1",
            "score_test": -1482.2306137013493,
            "score_val": -1473.7118259667009,
            "eval_metric": "root_mean_squared_error",
            "pred_time_test": 2.2139456272125244,
            "pred_time_val": 8.529254913330078,
            "fit_time": 7.543926954269409,
            "pred_time_test_marginal": 2.2139456272125244,
            "pred_time_val_marginal": 8.529254913330078,
            "fit_time_marginal": 7.543926954269409,
            "stack_level": 1,
            "can_infer": true,
            "fit_order": 2
        },
        {
            "model": "LightGBM_BAG_L2",
            "score_test": -2259.628378737125,
            "score_val": -2265.342789702428,
            "eval_metric": "root_mean_squared_error",
            "pred_time_test": 45.2980272769928,
            "pred_time_val": 451.2996690273285,
            "fit_time": 223.92983102798462,
            "pred_time_test_marginal": 1.1731071472167969,
            "pred_time_val_marginal": 1.7345290184020996,
            "fit_time_marginal": 6.109029293060303,
            "stack_level": 2,
            "can_infer": true,
            "fit_order": 6
        }
    ]
}